interval,max_length,displacement_median,energy_median
0.1,1.1,0.001482,0.1458
0.3,1.3,0.003057,0.3700
0.3,1.6,
0.3,1.9,
0.6,1.3,
0.6,1.6,
0.6,1.9,
0.9,1.3,0.003198,0.3649
0.9,1.6,
0.9,1.9,0.009255,1.480
0.4,1.4,0.004478,0.4971
0.7,1.7,0.006964,0.9554

