interval,displacement_median,energy_median
0.1,0.001482,0.1458
0.4,0.004478,0.4971
0.7,0.006964,0.9554

