{
  "0.1": {
    "1.1": 0.3876079464279152,
    "1.4": 0.35265352751248974,
    "1.7": 0.34701727136094723
  },
  "0.4": {
    "1.1": 0.0969242352288011,
    "1.4": 1.1462314900360144,
    "1.7": 1.72047677767411
  },
  "0.7": {
    "1.1": 0.055354925593919774,
    "1.4": 0.6533967707713594,
    "1.7": 1.5237930141533294
  }
}